SUM of Total Inmates in Census since 1997,,,288697,,,,,,,
DMAX number of Inmates Sentenced since 1997,,,573,,,,,,,
DAVERAGE number of Inmates in Census in 2014,,,247.8085837,,,,,,,
DVARP of Other Unsentenced Inmates since 1997,,,318.0657297,,,,,,,
,,,,,,,,,,
,,,,,,,,,,
Facility Name,Year,Census,Sentenced,Civil,Federal,Technical Parole Violators,State Readies,Other Unsentenced,Boarded Out,Boarded In
Albany County Penitentiary,2014,832,129,0,38,32,24,610,0,212
Allegany County Penitentiary,2014,128,17,1,70,0,0,40,0,3
Broome County Penitentiary,2014,486,107,0,10,9,12,348,5,11
Cattaraugus County Penitentiary,2014,130,53,0,15,3,2,56,1,2
Cayuga County Penitentiary,2014,183,37,2,42,7,3,92,0,0
Chautauqua County Penitentiary,2014,278,60,0,21,8,2,186,6,0
Chemung County Penitentiary,2014,169,74,1,0,8,2,83,0,9
Chenango County Penitentiary,2014,103,32,5,8,2,4,52,0,4
Clinton County Penitentiary,2014,219,62,0,28,12,4,114,0,3
Columbia County Penitentiary,2014,93,11,4,2,6,2,68,0,21
Cortland County Penitentiary,2014,70,13,1,0,5,1,51,6,0
Delaware County Penitentiary,2014,86,32,1,5,3,1,43,0,2
Dutchess County Penitentiary,2014,247,43,3,0,8,5,187,223,0
Erie County Correctional Facility,2014,696,276,2,3,40,1,375,0,0
Erie County Penitentiary,2014,472,70,1,32,26,4,338,0,0
Erie County Yankee Compound,2014,3,3,0,0,0,0,0,0,0
Essex County Penitentiary,2014,83,20,0,25,3,2,34,0,3
Essex County Sheriff,2014,0,0,0,0,0,0,0,0,0
Franklin County Penitentiary,2014,109,30,6,0,6,1,65,9,1
Fulton County Penitentiary,2014,101,24,2,0,5,2,69,1,12
Genesee County Penitentiary,2014,69,26,0,1,5,1,36,15,0
Greene County Penitentiary,2014,43,8,0,0,3,1,31,28,0
Hamilton County Penitentiary,2014,4,1,0,0,0,0,2,1,0
Herkimer County Penitentiary,2014,30,4,1,0,2,1,22,53,0
Jefferson County Penitentiary,2014,127,17,2,0,8,3,97,51,0
Lewis County Penitentiary,2014,31,7,2,2,0,0,20,0,1
Livingston County Penitentiary,2014,137,34,0,26,5,2,69,2,15
Madison County Penitentiary,2014,95,37,2,3,4,2,47,1,1
Monroe County Correctional Facility,2014,330,205,0,0,0,0,125,0,0
Monroe County Penitentiary,2014,1011,170,0,56,65,29,691,1,2
Montgomery County Penitentiary,2014,132,24,1,27,5,3,71,0,5
Nassau County Correctional Facility,2014,1217,189,1,39,43,12,933,8,9
Niagara County Penitentiary,2014,438,110,0,107,11,11,199,0,1
Oneida County Penitentiary,2014,483,157,0,35,26,8,257,0,51
Onondaga County Correctional Facility,2014,514,369,8,6,39,0,92,11,75
Onondaga County Penitentiary,2014,599,27,2,1,2,15,552,75,13
Ontario County Penitentiary,2014,210,76,3,2,11,5,113,2,1
Orange County Penitentiary,2014,606,128,10,116,30,7,316,2,8
Orleans County Penitentiary,2014,63,20,0,0,3,1,38,0,2
Oswego County Penitentiary,2014,141,47,3,0,13,4,75,15,0
Otsego County Penitentiary,2014,75,23,0,0,5,0,47,0,7
Putnam County Penitentiary,2014,101,14,2,6,2,1,77,3,0
Rensselaer County Penitentiary,2014,351,91,3,80,19,5,152,0,34
Rockland County Penitentiary,2014,182,47,0,0,8,2,125,1,0
Saratoga County Penitentiary,2014,194,71,3,0,9,2,109,0,0
Schenectady County Penitentiary,2014,320,78,3,2,22,5,210,3,0
Schoharie County Penitentiary,2014,0,0,0,0,0,0,0,29,0
Schuyler County Penitentiary,2014,16,7,0,0,2,0,7,2,0
Seneca County Penitentiary,2014,81,27,1,13,3,1,36,0,0
Steuben County Penitentiary,2014,180,35,1,36,7,3,98,0,2
St Lawrence County Penitentiary,2014,154,51,0,0,6,3,94,2,4
Suffolk Correctional Facility - Riverhead,2014,728,210,21,2,27,11,459,10,7
Suffolk Correctional Facility - Yaphank,2014,682,173,8,0,37,11,454,0,1
Sullivan County Penitentiary,2014,157,31,0,0,12,3,111,6,0
Tioga County Penitentiary,2014,79,27,1,12,3,1,36,1,7
Tompkins County Penitentiary,2014,81,32,0,0,3,2,43,6,0
Ulster County Penitentiary,2014,362,96,0,0,20,9,236,0,59
Warren County Penitentiary,2014,130,30,1,11,6,3,79,1,3
Washington County Penitentiary,2014,106,25,1,6,7,2,64,0,1
Wayne County Penitentiary,2014,114,53,0,0,5,0,55,8,7
Westchester Annex,2014,93,31,0,5,2,0,54,1,0
Westchester Penitentiary,2014,744,162,0,86,42,8,445,2,9
Westchester Pen,2014,375,162,0,1,8,1,203,0,0
Wyoming County Penitentiary,2014,68,27,0,0,2,1,38,0,3
Yates County Penitentiary,2014,47,11,0,8,2,1,23,1,0
Albany County Penitentiary,2013,774,125,0,44,41,27,537,0,145
Allegany County Penitentiary,2013,132,22,1,68,0,0,42,0,1
Broome County Penitentiary,2013,505,101,0,8,10,11,374,14,2
Cattaraugus County Penitentiary,2013,120,44,0,19,6,1,50,0,0
Cayuga County Penitentiary,2013,191,55,6,30,7,3,90,0,0
Chautauqua County Penitentiary,2013,279,62,0,19,11,2,184,0,0
Chemung County Penitentiary,2013,204,81,1,0,12,2,108,0,18
Chenango County Penitentiary,2013,116,40,2,19,3,6,46,0,12
Clinton County Penitentiary,2013,222,69,0,30,12,4,107,0,1
Columbia County Penitentiary,2013,106,12,2,2,7,1,82,0,31
Cortland County Penitentiary,2013,65,15,1,0,4,2,42,8,0
Delaware County Penitentiary,2013,83,25,1,8,3,1,45,0,12
Dutchess County Penitentiary,2013,250,43,4,0,11,5,186,194,0
Erie County Correctional Facility,2013,746,290,3,3,51,0,399,0,0
Erie County Penitentiary,2013,508,83,1,45,21,3,355,0,0
Erie County Yankee Compound,2013,30,30,0,0,0,0,0,0,0
Essex County Penitentiary,2013,83,15,0,28,3,1,36,0,5
Essex County Sheriff,2013,0,0,0,0,0,0,0,0,0
Franklin County Penitentiary,2013,110,35,0,0,3,0,71,8,2
Fulton County Penitentiary,2013,108,25,3,0,5,2,74,0,17
Genesee County Penitentiary,2013,70,29,0,1,2,1,37,18,1
Greene County Penitentiary,2013,46,10,0,0,3,1,32,39,0
Hamilton County Penitentiary,2013,4,1,0,0,0,0,3,1,0
Herkimer County Penitentiary,2013,29,3,0,0,2,1,23,54,0
Jefferson County Penitentiary,2013,135,25,2,0,5,3,100,45,0
Lewis County Penitentiary,2013,34,7,2,2,0,1,22,0,3
Livingston County Penitentiary,2013,126,38,0,20,5,2,62,1,11
Madison County Penitentiary,2013,89,42,4,5,3,1,34,1,1
Monroe County Correctional Facility,2013,323,209,0,0,0,0,114,0,0
Monroe County Penitentiary,2013,989,166,0,47,66,26,683,1,1
Montgomery County Penitentiary,2013,136,26,1,15,5,2,86,0,10
Nassau County Correctional Facility,2013,1296,178,1,61,41,12,1004,7,10
Niagara County Penitentiary,2013,460,106,0,107,14,12,221,0,1
Oneida County Penitentiary,2013,476,155,0,48,28,7,238,0,41
Onondaga County Correctional Facility,2013,508,358,5,29,41,0,74,27,59
Onondaga County Penitentiary,2013,614,25,4,3,3,13,566,60,32
Ontario County Penitentiary,2013,216,79,3,0,11,4,118,2,0
Orange County Penitentiary,2013,590,128,9,122,39,9,283,2,11
Orleans County Penitentiary,2013,65,21,0,0,4,1,39,1,5
Oswego County Penitentiary,2013,153,53,3,0,9,4,84,12,0
Otsego County Penitentiary,2013,76,27,0,0,4,1,45,0,6
Putnam County Penitentiary,2013,111,17,1,3,2,1,87,3,6
Rensselaer County Penitentiary,2013,373,79,4,79,16,5,191,1,76
Rockland County Penitentiary,2013,227,46,0,0,13,3,164,0,0
Saratoga County Penitentiary,2013,187,80,4,0,8,2,93,0,0
Schenectady County Penitentiary,2013,322,71,2,9,28,6,207,4,0
Schoharie County Penitentiary,2013,0,0,0,0,0,0,0,31,0
Schuyler County Penitentiary,2013,22,11,0,0,1,0,9,4,0
Seneca County Penitentiary,2013,83,22,2,15,2,1,41,1,2
Steuben County Penitentiary,2013,191,36,0,28,10,3,114,1,1
St Lawrence County Penitentiary,2013,159,44,0,0,7,2,106,6,2
Suffolk Correctional Facility - Riverhead,2013,868,237,8,1,35,16,570,21,7
Suffolk Correctional Facility - Yaphank,2013,662,192,8,0,37,6,419,0,0
Sullivan County Penitentiary,2013,170,34,0,0,12,2,122,21,0
Tioga County Penitentiary,2013,86,26,0,15,3,1,41,2,2
Tompkins County Penitentiary,2013,83,30,0,0,4,2,46,8,0
Ulster County Penitentiary,2013,340,95,0,1,25,10,210,2,52
Warren County Penitentiary,2013,130,29,1,8,11,3,79,0,2
Washington County Penitentiary,2013,123,30,1,9,13,3,66,1,3
Wayne County Penitentiary,2013,114,51,0,2,4,1,56,5,10
Westchester Annex,2013,110,42,0,7,2,0,58,0,2
Westchester Penitentiary,2013,761,149,0,114,44,9,443,3,10
Westchester Pen,2013,460,199,0,21,17,2,221,0,0
Wyoming County Penitentiary,2013,62,22,0,0,3,1,36,0,5
Yates County Penitentiary,2013,49,10,0,9,3,1,25,0,0
Albany County Penitentiary,2012,689,136,0,33,42,24,455,0,68
Allegany County Penitentiary,2012,136,25,1,66,0,0,44,0,2
Broome County Penitentiary,2012,493,117,0,14,12,10,340,10,1
Cattaraugus County Penitentiary,2012,118,39,0,10,6,2,62,0,0
Cayuga County Penitentiary,2012,190,51,2,35,7,3,92,0,0
Chautauqua County Penitentiary,2012,287,58,0,46,10,2,171,0,0
Chemung County Penitentiary,2012,196,82,0,0,11,2,101,2,9
Chenango County Penitentiary,2012,92,32,2,11,2,2,43,0,9
Clinton County Penitentiary,2012,210,72,0,31,13,3,91,0,1
Columbia County Penitentiary,2012,103,11,2,3,6,1,80,1,14
Cortland County Penitentiary,2012,62,10,1,0,4,1,45,7,0
Delaware County Penitentiary,2012,68,23,1,4,2,1,36,0,4
Dutchess County Penitentiary,2012,246,51,6,0,13,4,171,200,0
Erie County Correctional Facility,2012,747,274,2,4,47,0,420,0,0
Erie County Penitentiary,2012,518,82,2,38,33,6,357,0,0
Erie County Yankee Compound,2012,61,61,0,0,0,0,0,0,0
Essex County Penitentiary,2012,81,17,0,22,3,1,38,0,15
Essex County Sheriff,2012,0,0,0,0,0,0,0,0,0
Franklin County Penitentiary,2012,105,33,1,0,6,0,66,11,2
Fulton County Penitentiary,2012,103,22,4,0,3,1,73,0,21
Genesee County Penitentiary,2012,78,26,1,0,5,2,43,15,1
Greene County Penitentiary,2012,52,12,1,0,3,1,34,19,0
Hamilton County Penitentiary,2012,3,1,0,0,0,0,2,0,0
Herkimer County Penitentiary,2012,26,4,0,0,1,0,21,44,0
Jefferson County Penitentiary,2012,133,22,1,0,5,2,103,24,0
Lewis County Penitentiary,2012,30,8,1,4,0,1,16,0,2
Livingston County Penitentiary,2012,114,31,0,9,6,2,66,0,10
Madison County Penitentiary,2012,98,39,4,7,4,1,43,0,2
Monroe County Correctional Facility,2012,372,263,1,0,1,0,108,0,0
Monroe County Penitentiary,2012,969,161,1,50,65,26,666,1,0
Montgomery County Penitentiary,2012,139,32,2,21,5,2,77,0,8
Nassau County Correctional Facility,2012,1490,209,0,102,24,10,1146,11,86
Niagara County Penitentiary,2012,451,106,0,107,14,11,213,0,0
Oneida County Penitentiary,2012,471,148,0,37,25,8,253,0,47
Onondaga County Correctional Facility,2012,497,350,6,75,46,0,20,13,6
Onondaga County Penitentiary,2012,622,24,3,2,2,12,579,6,21
Ontario County Penitentiary,2012,198,78,1,2,8,4,105,0,0
Orange County Penitentiary,2012,594,121,5,138,38,8,284,3,7
Orleans County Penitentiary,2012,78,27,0,0,4,1,45,2,5
Oswego County Penitentiary,2012,158,50,3,0,10,4,91,30,0
Otsego County Penitentiary,2012,79,25,0,0,3,1,50,0,1
Putnam County Penitentiary,2012,107,15,1,2,2,1,87,6,12
Rensselaer County Penitentiary,2012,425,90,9,80,26,5,215,1,116
Rockland County Penitentiary,2012,238,46,0,1,9,3,179,2,0
Saratoga County Penitentiary,2012,156,57,3,0,8,2,86,0,0
Schenectady County Penitentiary,2012,311,54,3,2,32,4,216,3,0
Schoharie County Penitentiary,2012,0,0,0,0,0,0,0,26,0
Schuyler County Penitentiary,2012,18,8,0,0,1,0,9,5,1
Seneca County Penitentiary,2012,79,22,1,13,3,1,40,1,3
Steuben County Penitentiary,2012,190,39,1,40,9,2,99,1,1
St Lawrence County Penitentiary,2012,156,46,0,0,6,2,102,2,3
Suffolk Correctional Facility - Riverhead,2012,975,245,7,4,38,17,664,102,7
Suffolk Correctional Facility - Yaphank,2012,592,188,6,0,37,0,360,0,0
Sullivan County Penitentiary,2012,154,36,0,0,10,3,106,1,0
Tioga County Penitentiary,2012,85,29,1,19,4,1,31,1,6
Tompkins County Penitentiary,2012,83,28,0,0,4,2,48,7,0
Ulster County Penitentiary,2012,350,99,0,2,22,11,216,1,27
Warren County Penitentiary,2012,148,41,3,0,10,3,90,0,15
Washington County Penitentiary,2012,109,22,2,5,8,2,70,0,15
Wayne County Penitentiary,2012,115,41,0,10,5,3,56,8,14
Westchester Annex,2012,119,45,0,11,1,1,62,0,2
Westchester Penitentiary,2012,778,155,0,144,38,8,434,3,11
Westchester Pen,2012,567,220,0,46,21,4,275,0,0
Wyoming County Penitentiary,2012,64,22,0,0,3,1,37,2,3
Yates County Penitentiary,2012,49,11,0,9,3,1,24,0,0
Albany County Penitentiary,2011,622,129,0,60,37,25,372,0,9
Allegany County Penitentiary,2011,132,23,1,66,0,0,41,0,3
Broome County Penitentiary,2011,464,91,0,25,13,10,326,3,8
Cattaraugus County Penitentiary,2011,127,45,0,14,4,2,62,0,0
Cayuga County Penitentiary,2011,192,57,2,48,7,2,76,0,0
Chautauqua County Penitentiary,2011,272,55,0,53,12,1,150,0,0
Chemung County Penitentiary,2011,162,74,0,1,14,2,72,1,0
Chenango County Penitentiary,2011,104,30,1,20,2,1,50,0,6
Clinton County Penitentiary,2011,207,69,0,40,10,3,86,0,1
Columbia County Penitentiary,2011,105,11,1,4,4,1,85,0,15
Cortland County Penitentiary,2011,61,14,1,0,4,1,39,3,0
Delaware County Penitentiary,2011,63,24,2,0,3,1,33,0,5
Dutchess County Penitentiary,2011,253,54,6,0,12,4,177,158,0
Erie County Correctional Facility,2011,749,284,0,0,46,0,420,0,0
Erie County Penitentiary,2011,483,93,2,22,44,13,309,0,0
Erie County Yankee Compound,2011,65,65,0,0,0,0,0,0,0
Essex County Penitentiary,2011,78,16,0,33,2,1,27,0,5
Essex County Sheriff,2011,0,0,0,0,0,0,0,0,0
Franklin County Penitentiary,2011,112,32,1,0,4,0,75,5,0
Fulton County Penitentiary,2011,99,33,2,0,7,1,56,0,15
Genesee County Penitentiary,2011,71,21,2,2,5,1,39,10,2
Greene County Penitentiary,2011,51,12,1,0,3,2,34,27,0
Hamilton County Penitentiary,2011,3,2,0,0,0,0,1,0,0
Herkimer County Penitentiary,2011,29,5,1,0,1,1,21,28,0
Jefferson County Penitentiary,2011,141,29,1,0,6,2,103,30,0
Lewis County Penitentiary,2011,32,4,1,7,0,1,19,0,3
Livingston County Penitentiary,2011,90,31,0,0,6,2,51,13,8
Madison County Penitentiary,2011,90,38,5,9,2,1,36,0,1
Monroe County Correctional Facility,2011,359,255,0,0,6,0,97,0,9
Monroe County Penitentiary,2011,999,196,1,77,64,22,639,6,4
Montgomery County Penitentiary,2011,138,32,3,9,3,3,87,1,14
Nassau County Correctional Facility,2011,1546,240,1,123,17,13,1152,11,88
Niagara County Penitentiary,2011,438,114,1,87,21,16,199,0,1
Oneida County Penitentiary,2011,435,172,0,28,14,7,213,0,28
Onondaga County Correctional Facility,2011,465,322,6,84,43,0,11,23,1
Onondaga County Penitentiary,2011,642,28,2,5,3,14,589,1,35
Ontario County Penitentiary,2011,196,83,0,2,10,6,96,0,0
Orange County Penitentiary,2011,578,129,7,122,34,9,276,1,5
Orleans County Penitentiary,2011,78,28,0,0,5,0,44,1,3
Oswego County Penitentiary,2011,157,58,2,0,7,4,85,10,0
Otsego County Penitentiary,2011,68,23,0,0,2,1,42,1,0
Putnam County Penitentiary,2011,116,15,2,8,2,1,87,2,4
Rensselaer County Penitentiary,2011,377,87,7,61,18,4,200,0,112
Rockland County Penitentiary,2011,245,48,0,1,9,2,184,2,0
Saratoga County Penitentiary,2011,150,50,3,0,7,2,88,0,0
Schenectady County Penitentiary,2011,317,52,3,3,27,6,226,2,0
Schoharie County Penitentiary,2011,27,9,1,3,0,1,13,8,7
Schuyler County Penitentiary,2011,19,10,0,0,1,0,8,2,0
Seneca County Penitentiary,2011,78,23,1,22,2,1,30,0,1
Steuben County Penitentiary,2011,178,38,1,48,7,2,82,1,2
St Lawrence County Penitentiary,2011,139,34,0,0,5,2,98,0,4
Suffolk Correctional Facility - Riverhead,2011,1005,235,7,3,41,32,688,157,9
Suffolk Correctional Facility - Yaphank,2011,597,184,4,0,38,0,371,0,0
Sullivan County Penitentiary,2011,158,40,0,0,10,2,106,3,0
Tioga County Penitentiary,2011,85,31,1,14,5,1,34,0,3
Tompkins County Penitentiary,2011,82,33,0,0,3,2,44,4,0
Ulster County Penitentiary,2011,329,100,0,3,20,8,197,0,28
Warren County Penitentiary,2011,152,42,2,0,10,3,95,1,14
Washington County Penitentiary,2011,95,30,2,4,8,3,49,0,10
Wayne County Penitentiary,2011,128,50,0,18,10,2,49,6,2
Westchester Annex,2011,32,10,0,3,0,0,18,0,0
Westchester Penitentiary,2011,870,193,0,154,37,9,477,6,6
Westchester Pen,2011,563,213,0,48,19,5,278,0,0
Wyoming County Penitentiary,2011,67,27,0,0,3,1,37,4,4
Yates County Penitentiary,2011,53,15,0,10,2,1,25,0,0
Albany County Penitentiary,2010,721,148,0,102,35,20,417,0,23
Allegany County Penitentiary,2010,141,22,1,66,0,0,52,0,3
Broome County Penitentiary,2010,455,100,0,25,14,8,306,0,9
Cattaraugus County Penitentiary,2010,110,36,0,16,5,2,51,0,0
Cayuga County Penitentiary,2010,184,51,3,51,5,3,71,0,0
Chautauqua County Penitentiary,2010,281,56,0,59,11,2,153,0,0
Chemung County Penitentiary,2010,181,80,0,0,15,2,84,0,0
Chenango County Penitentiary,2010,99,38,1,8,1,1,51,0,10
Clinton County Penitentiary,2010,209,73,1,45,7,2,81,0,6
Columbia County Penitentiary,2010,107,22,1,10,2,1,71,0,10
Cortland County Penitentiary,2010,64,19,2,0,4,1,38,5,0
Delaware County Penitentiary,2010,71,28,2,1,5,1,33,0,5
Dutchess County Penitentiary,2010,266,50,5,1,13,3,195,115,2
Erie County Correctional Facility,2010,775,407,0,0,31,0,337,0,0
Erie County Penitentiary,2010,480,92,1,8,46,10,322,0,0
Erie County Yankee Compound,2010,80,80,0,0,0,0,0,0,0
Essex County Penitentiary,2010,75,14,0,36,1,0,23,0,4
Essex County Sheriff,2010,0,0,0,0,0,0,0,0,0
Franklin County Penitentiary,2010,107,29,3,0,4,0,71,7,0
Fulton County Penitentiary,2010,84,23,2,0,4,1,54,1,9
Genesee County Penitentiary,2010,66,24,1,1,8,1,30,11,0
Greene County Penitentiary,2010,51,14,2,0,4,1,30,26,0
Hamilton County Penitentiary,2010,2,1,0,0,0,0,1,0,0
Herkimer County Penitentiary,2010,29,6,0,0,1,1,21,26,0
Jefferson County Penitentiary,2010,142,25,1,0,6,2,107,27,0
Lewis County Penitentiary,2010,32,6,1,5,0,0,20,0,5
Livingston County Penitentiary,2010,91,29,0,0,6,2,54,13,3
Madison County Penitentiary,2010,88,40,5,4,2,1,38,1,4
Monroe County Correctional Facility,2010,353,270,0,1,1,1,80,0,8
Monroe County Penitentiary,2010,1058,207,1,92,84,23,651,3,3
Montgomery County Penitentiary,2010,121,33,2,7,5,2,72,0,6
Nassau County Correctional Facility,2010,1609,237,1,128,21,10,1213,6,8
Niagara County Penitentiary,2010,469,136,0,82,15,13,223,0,1
Oneida County Penitentiary,2010,437,159,0,33,8,5,231,0,26
Onondaga County Correctional Facility,2010,469,321,7,77,54,0,11,27,1
Onondaga County Penitentiary,2010,621,28,3,5,2,13,571,1,41
Ontario County Penitentiary,2010,197,83,0,3,7,5,100,1,1
Orange County Penitentiary,2010,609,144,7,116,38,8,297,4,7
Orleans County Penitentiary,2010,76,27,0,0,5,0,43,0,3
Oswego County Penitentiary,2010,135,60,1,0,6,4,64,2,0
Otsego County Penitentiary,2010,68,26,0,0,2,1,39,1,0
Putnam County Penitentiary,2010,103,17,1,4,1,1,77,3,4
Rensselaer County Penitentiary,2010,229,89,6,13,17,3,100,1,12
Rockland County Penitentiary,2010,213,52,0,2,10,2,147,0,1
Saratoga County Penitentiary,2010,164,47,2,0,5,1,108,0,0
Schenectady County Penitentiary,2010,284,48,5,0,23,5,202,2,0
Schoharie County Penitentiary,2010,50,14,2,8,1,1,23,5,23
Schuyler County Penitentiary,2010,19,8,0,0,1,0,11,2,0
Seneca County Penitentiary,2010,83,28,2,19,2,0,31,0,1
Steuben County Penitentiary,2010,169,41,0,45,7,1,73,0,2
St Lawrence County Penitentiary,2010,133,38,0,0,6,2,87,0,8
Suffolk Correctional Facility - Riverhead,2010,1029,239,7,2,45,23,713,77,8
Suffolk Correctional Facility - Yaphank,2010,606,185,4,0,39,0,378,0,0
Sullivan County Penitentiary,2010,162,37,0,0,10,2,114,9,0
Tioga County Penitentiary,2010,84,34,1,18,4,1,26,1,6
Tompkins County Penitentiary,2010,79,34,0,0,3,2,41,3,0
Ulster County Penitentiary,2010,332,102,0,9,16,6,199,0,31
Warren County Penitentiary,2010,154,36,3,0,6,2,107,0,26
Washington County Penitentiary,2010,119,29,3,7,9,2,68,0,16
Wayne County Penitentiary,2010,132,48,0,16,7,2,58,5,7
Westchester Annex,2010,2,1,0,0,0,0,1,0,0
Westchester Penitentiary,2010,801,136,0,176,32,8,449,5,4
Westchester Pen,2010,581,211,0,0,26,4,340,0,0
Wyoming County Penitentiary,2010,59,19,0,0,2,1,37,0,4
Yates County Penitentiary,2010,48,13,0,11,3,1,20,1,0
Albany County Penitentiary,2009,647,138,0,81,37,19,371,0,2
Allegany County Penitentiary,2009,130,17,1,63,0,0,49,0,1
Broome County Penitentiary,2009,427,83,0,22,14,7,301,0,1
Cattaraugus County Penitentiary,2009,114,36,0,20,5,2,51,0,0
Cayuga County Penitentiary,2009,182,43,0,46,3,2,87,0,1
Chautauqua County Penitentiary,2009,273,49,0,60,11,2,150,0,0
Chemung County Penitentiary,2009,190,83,0,0,15,3,88,1,0
Chenango County Penitentiary,2009,67,29,2,0,2,0,33,0,3
Clinton County Penitentiary,2009,187,63,1,26,5,3,89,1,13
Columbia County Penitentiary,2009,99,13,1,3,6,1,74,0,13
Cortland County Penitentiary,2009,58,16,2,0,3,1,35,2,0
Delaware County Penitentiary,2009,65,27,2,4,5,0,27,0,3
Dutchess County Penitentiary,2009,262,49,8,0,11,3,192,77,1
Erie County Correctional Facility,2009,836,478,0,0,40,0,318,0,0
Erie County Penitentiary,2009,462,64,2,6,27,13,350,0,0
Erie County Yankee Compound,2009,77,77,0,0,0,0,0,0,0
Essex County Penitentiary,2009,65,14,0,31,1,0,20,0,6
Essex County Sheriff,2009,0,0,0,0,0,0,0,0,0
Franklin County Penitentiary,2009,104,37,1,0,5,1,60,2,1
Fulton County Penitentiary,2009,95,26,7,0,4,1,57,1,10
Genesee County Penitentiary,2009,73,26,2,0,7,2,37,11,0
Greene County Penitentiary,2009,48,14,1,0,5,1,27,19,0
Hamilton County Penitentiary,2009,1,1,0,0,0,0,1,0,0
Herkimer County Penitentiary,2009,29,6,0,0,1,1,21,25,0
Jefferson County Penitentiary,2009,140,32,2,1,6,2,96,8,0
Lewis County Penitentiary,2009,32,6,0,5,0,1,20,0,0
Livingston County Penitentiary,2009,80,29,0,0,4,2,45,16,2
Madison County Penitentiary,2009,83,39,5,5,2,0,32,6,3
Monroe County Correctional Facility,2009,343,267,0,1,1,1,73,0,12
Monroe County Penitentiary,2009,1023,184,1,72,70,29,667,1,5
Montgomery County Penitentiary,2009,107,27,2,8,4,2,65,0,4
Nassau County Correctional Facility,2009,1547,254,1,127,17,9,1139,5,7
Niagara County Penitentiary,2009,470,135,0,90,22,16,207,0,2
Oneida County Penitentiary,2009,461,170,0,25,10,8,246,0,25
Onondaga County Correctional Facility,2009,402,289,6,57,47,0,4,19,0
Onondaga County Penitentiary,2009,580,19,3,3,2,11,543,1,28
Ontario County Penitentiary,2009,213,84,0,2,10,6,112,0,2
Orange County Penitentiary,2009,568,119,15,117,36,8,273,2,5
Orleans County Penitentiary,2009,75,28,0,0,4,0,42,1,1
Oswego County Penitentiary,2009,115,45,0,0,6,4,60,4,1
Otsego County Penitentiary,2009,70,27,0,0,2,1,40,1,0
Putnam County Penitentiary,2009,107,18,2,11,1,1,74,2,1
Rensselaer County Penitentiary,2009,212,81,10,3,18,3,98,2,0
Rockland County Penitentiary,2009,219,51,0,2,13,2,152,1,2
Saratoga County Penitentiary,2009,165,56,3,0,10,1,95,0,0
Schenectady County Penitentiary,2009,284,50,3,5,26,5,196,1,0
Schoharie County Penitentiary,2009,39,9,0,10,2,0,17,3,8
Schuyler County Penitentiary,2009,16,8,0,0,1,0,6,2,1
Seneca County Penitentiary,2009,72,22,1,10,2,0,37,0,2
Steuben County Penitentiary,2009,180,42,1,45,9,2,82,1,3
St Lawrence County Penitentiary,2009,102,32,0,0,11,1,58,12,0
Suffolk Correctional Facility - Riverhead,2009,1017,251,9,1,37,27,693,36,7
Suffolk Correctional Facility - Yaphank,2009,590,209,5,0,36,0,340,0,0
Sullivan County Penitentiary,2009,160,44,0,0,11,2,103,2,0
Tioga County Penitentiary,2009,80,30,2,15,3,1,29,0,5
Tompkins County Penitentiary,2009,73,28,0,0,2,1,41,7,0
Ulster County Penitentiary,2009,297,92,0,16,23,5,162,0,51
Warren County Penitentiary,2009,147,32,5,0,6,2,101,0,20
Washington County Penitentiary,2009,111,28,2,17,8,2,55,0,7
Wayne County Penitentiary,2009,114,39,0,7,6,2,58,8,8
Westchester Annex,2009,0,0,0,0,0,0,0,0,0
Westchester Penitentiary,2009,772,133,0,123,31,8,477,24,7
Westchester Pen,2009,608,224,0,1,26,4,352,1,1
Wyoming County Penitentiary,2009,57,21,0,0,3,1,33,0,3
Yates County Penitentiary,2009,48,13,0,12,2,1,20,0,1
Albany County Penitentiary,2008,687,127,0,84,54,17,404,0,4
Allegany County Penitentiary,2008,118,12,1,65,0,0,39,0,1
Broome County Penitentiary,2008,430,87,0,30,15,4,293,1,1
Cattaraugus County Penitentiary,2008,105,36,0,11,5,1,51,0,1
Cayuga County Penitentiary,2008,177,55,0,39,4,2,76,1,0
Chautauqua County Penitentiary,2008,260,48,0,49,8,2,153,0,0
Chemung County Penitentiary,2008,177,72,0,0,20,2,84,0,0
Chenango County Penitentiary,2008,86,40,3,7,3,0,33,0,24
Clinton County Penitentiary,2008,208,64,2,36,7,2,97,0,21
Columbia County Penitentiary,2008,107,17,2,1,5,1,80,0,15
Cortland County Penitentiary,2008,51,20,2,0,2,1,27,3,0
Delaware County Penitentiary,2008,72,26,2,6,5,0,33,0,7
Dutchess County Penitentiary,2008,250,44,9,0,10,2,184,78,1
Erie County Correctional Facility,2008,864,507,0,0,59,0,298,0,0
Erie County Penitentiary,2008,477,26,1,14,13,8,415,0,0
Erie County Yankee Compound,2008,0,0,0,0,0,0,0,0,0
Essex County Penitentiary,2008,38,17,0,2,1,1,17,0,4
Essex County Sheriff,2008,19,11,0,0,1,0,7,0,0
Franklin County Penitentiary,2008,101,47,1,0,3,1,49,1,0
Fulton County Penitentiary,2008,81,19,3,0,4,1,53,0,9
Genesee County Penitentiary,2008,72,24,1,4,7,1,35,6,2
Greene County Penitentiary,2008,50,13,2,0,5,1,30,11,0
Hamilton County Penitentiary,2008,3,1,0,0,0,0,2,0,0
Herkimer County Penitentiary,2008,31,6,1,0,1,1,22,32,0
Jefferson County Penitentiary,2008,133,34,2,4,6,1,86,1,0
Lewis County Penitentiary,2008,31,6,0,4,1,0,20,1,0
Livingston County Penitentiary,2008,83,29,0,0,5,1,47,11,1
Madison County Penitentiary,2008,93,37,4,14,2,0,36,5,2
Monroe County Correctional Facility,2008,324,264,1,4,2,1,53,0,7
Monroe County Penitentiary,2008,1022,180,1,66,70,24,681,1,4
Montgomery County Penitentiary,2008,108,24,3,12,5,3,61,0,7
Nassau County Correctional Facility,2008,1576,268,2,136,18,12,1140,6,11
Niagara County Penitentiary,2008,454,123,0,93,28,19,190,1,1
Oneida County Penitentiary,2008,440,138,0,25,11,5,261,2,37
Onondaga County Correctional Facility,2008,455,330,7,58,57,0,3,18,1
Onondaga County Penitentiary,2008,589,20,4,11,2,12,540,0,28
Ontario County Penitentiary,2008,200,77,0,10,10,4,98,0,1
Orange County Penitentiary,2008,535,121,17,39,42,10,306,1,16
Orleans County Penitentiary,2008,73,19,0,0,4,0,49,4,5
Oswego County Penitentiary,2008,120,48,0,0,8,2,62,1,0
Otsego County Penitentiary,2008,61,23,0,0,1,1,37,0,0
Putnam County Penitentiary,2008,106,19,2,17,1,0,67,2,2
Rensselaer County Penitentiary,2008,226,98,6,1,21,3,97,10,0
Rockland County Penitentiary,2008,241,58,0,1,15,2,165,3,4
Saratoga County Penitentiary,2008,156,53,4,0,6,1,92,0,0
Schenectady County Penitentiary,2008,308,55,4,5,24,5,215,2,0
Schoharie County Penitentiary,2008,43,11,1,14,2,0,15,2,10
Schuyler County Penitentiary,2008,17,9,0,0,1,0,7,0,0
Seneca County Penitentiary,2008,53,18,0,0,2,0,33,0,0
Steuben County Penitentiary,2008,183,41,1,44,10,1,86,1,0
St Lawrence County Penitentiary,2008,76,21,0,0,5,1,48,25,0
Suffolk Correctional Facility - Riverhead,2008,1021,273,7,0,37,27,676,46,8
Suffolk Correctional Facility - Yaphank,2008,608,217,5,0,28,0,357,0,0
Sullivan County Penitentiary,2008,178,42,0,0,12,2,121,14,0
Tioga County Penitentiary,2008,79,34,1,11,4,1,27,0,4
Tompkins County Penitentiary,2008,68,30,0,0,3,1,33,12,0
Ulster County Penitentiary,2008,304,91,0,7,22,3,181,0,39
Warren County Penitentiary,2008,147,40,3,0,8,1,95,0,10
Washington County Penitentiary,2008,119,24,2,31,8,1,53,0,15
Wayne County Penitentiary,2008,136,47,0,18,9,3,59,6,18
Westchester Annex,2008,32,3,0,1,3,0,25,0,0
Westchester Penitentiary,2008,793,158,0,114,35,10,477,25,7
Westchester Pen,2008,618,249,0,1,30,6,332,3,0
Wyoming County Penitentiary,2008,58,20,0,0,5,1,32,1,1
Yates County Penitentiary,2008,43,13,0,8,2,1,18,1,0
Albany County Penitentiary,2007,747,140,0,93,42,19,453,0,23
Allegany County Penitentiary,2007,63,10,1,15,1,0,37,0,0
Broome County Penitentiary,2007,448,103,0,30,16,7,290,2,1
Cattaraugus County Penitentiary,2007,119,42,0,19,5,2,51,0,0
Cayuga County Penitentiary,2007,174,66,0,36,5,1,66,0,2
Chautauqua County Penitentiary,2007,253,60,0,32,8,3,150,0,0
Chemung County Penitentiary,2007,190,69,0,0,19,2,99,0,1
Chenango County Penitentiary,2007,75,36,2,4,2,1,29,0,16
Clinton County Penitentiary,2007,216,64,3,43,7,1,97,0,34
Columbia County Penitentiary,2007,117,17,3,0,5,1,90,0,21
Cortland County Penitentiary,2007,62,25,2,0,1,1,33,2,0
Delaware County Penitentiary,2007,68,23,3,4,4,1,34,0,12
Dutchess County Penitentiary,2007,249,60,8,1,12,2,166,61,0
Erie County Correctional Facility,2007,914,459,0,0,22,0,433,0,0
Erie County Penitentiary,2007,552,32,1,51,60,9,399,0,0
Erie County Yankee Compound,2007,0,0,0,0,0,0,0,0,0
Essex County Penitentiary,2007,21,9,0,0,1,1,10,16,0
Essex County Sheriff,2007,25,13,0,0,2,1,9,0,0
Franklin County Penitentiary,2007,99,38,2,0,3,1,55,3,0
Fulton County Penitentiary,2007,85,24,3,0,5,1,52,0,7
Genesee County Penitentiary,2007,73,23,0,7,6,1,36,9,1
Greene County Penitentiary,2007,46,11,2,0,3,0,30,19,0
Hamilton County Penitentiary,2007,5,2,0,0,0,0,3,1,0
Herkimer County Penitentiary,2007,32,6,1,0,1,1,23,28,0
Jefferson County Penitentiary,2007,144,34,2,0,5,4,98,13,1
Lewis County Penitentiary,2007,33,7,0,5,0,1,20,1,1
Livingston County Penitentiary,2007,91,29,0,0,6,2,54,21,3
Madison County Penitentiary,2007,94,36,3,18,3,0,34,3,4
Monroe County Correctional Facility,2007,356,292,1,2,5,1,54,0,8
Monroe County Penitentiary,2007,1040,168,0,63,100,23,687,3,10
Montgomery County Penitentiary,2007,127,20,3,26,5,2,71,0,6
Nassau County Correctional Facility,2007,1689,293,2,159,35,17,1184,4,19
Niagara County Penitentiary,2007,454,169,0,74,29,8,174,0,1
Oneida County Penitentiary,2007,456,148,0,23,20,6,259,2,41
Onondaga County Correctional Facility,2007,449,340,4,59,67,0,-21,29,1
Onondaga County Penitentiary,2007,551,16,2,19,3,9,503,1,33
Ontario County Penitentiary,2007,218,86,0,8,9,4,111,0,3
Orange County Penitentiary,2007,565,140,12,1,58,9,346,1,46
Orleans County Penitentiary,2007,74,17,0,0,2,0,54,1,9
Oswego County Penitentiary,2007,133,49,0,0,11,2,71,0,1
Otsego County Penitentiary,2007,63,25,0,0,1,1,36,0,0
Putnam County Penitentiary,2007,99,16,2,23,1,1,56,0,8
Rensselaer County Penitentiary,2007,246,86,8,2,26,4,120,36,0
Rockland County Penitentiary,2007,246,63,0,0,16,3,164,4,2
Saratoga County Penitentiary,2007,150,50,8,0,10,2,82,0,0
Schenectady County Penitentiary,2007,316,63,4,2,25,6,217,4,0
Schoharie County Penitentiary,2007,47,14,1,13,1,1,17,2,17
Schuyler County Penitentiary,2007,21,11,0,0,2,0,8,2,0
Seneca County Penitentiary,2007,50,21,0,0,3,0,26,5,0
Steuben County Penitentiary,2007,141,37,0,7,17,2,79,1,1
St Lawrence County Penitentiary,2007,79,21,0,0,5,2,51,27,0
Suffolk Correctional Facility - Riverhead,2007,962,228,6,2,56,32,637,159,7
Suffolk Correctional Facility - Yaphank,2007,616,177,6,0,4,0,429,0,0
Sullivan County Penitentiary,2007,180,38,0,0,9,3,130,16,0
Tioga County Penitentiary,2007,81,37,2,11,6,1,24,0,6
Tompkins County Penitentiary,2007,68,27,0,0,5,2,35,9,0
Ulster County Penitentiary,2007,254,76,0,0,21,2,155,2,3
Warren County Penitentiary,2007,143,35,3,0,10,1,94,0,25
Washington County Penitentiary,2007,131,20,2,30,7,2,69,0,32
Wayne County Penitentiary,2007,139,46,0,15,11,4,63,8,20
Westchester Annex,2007,62,7,0,7,4,0,44,0,0
Westchester Penitentiary,2007,780,150,0,114,37,13,466,22,9
Westchester Pen,2007,623,260,0,1,33,5,324,3,0
Wyoming County Penitentiary,2007,57,19,0,0,5,0,32,0,1
Yates County Penitentiary,2007,49,18,0,4,3,1,23,0,1
Albany County Penitentiary,2006,831,169,0,66,61,21,514,1,42
Allegany County Penitentiary,2006,40,7,3,0,1,0,30,7,0
Broome County Penitentiary,2006,449,109,0,20,29,12,280,1,6
Cattaraugus County Penitentiary,2006,127,47,0,20,5,2,52,0,0
Cayuga County Penitentiary,2006,173,57,0,31,6,1,79,0,23
Chautauqua County Penitentiary,2006,262,67,0,14,15,3,163,0,0
Chemung County Penitentiary,2006,210,63,0,0,22,2,122,0,2
Chenango County Penitentiary,2006,76,43,1,0,3,1,28,2,16
Clinton County Penitentiary,2006,175,68,2,30,5,1,68,0,13
Columbia County Penitentiary,2006,118,22,2,1,7,1,85,0,13
Cortland County Penitentiary,2006,60,20,3,0,3,2,32,7,0
Delaware County Penitentiary,2006,81,28,3,0,6,0,44,0,17
Dutchess County Penitentiary,2006,251,53,6,1,16,3,173,56,0
Erie County Correctional Facility,2006,935,527,4,0,45,0,360,0,0
Erie County Penitentiary,2006,585,41,1,49,57,14,423,0,0
Erie County Yankee Compound,2006,0,0,0,0,0,0,0,0,0
Essex County Penitentiary,2006,19,8,0,0,0,0,11,15,0
Essex County Sheriff,2006,0,0,0,0,0,0,0,0,0
Franklin County Penitentiary,2006,95,34,2,1,3,1,53,0,1
Fulton County Penitentiary,2006,97,29,3,0,3,1,61,0,9
Genesee County Penitentiary,2006,80,33,0,2,6,2,37,9,1
Greene County Penitentiary,2006,46,10,4,0,3,1,28,11,0
Hamilton County Penitentiary,2006,4,2,0,0,0,0,2,0,0
Herkimer County Penitentiary,2006,34,4,1,0,1,1,27,23,0
Jefferson County Penitentiary,2006,150,37,2,1,8,9,94,10,0
Lewis County Penitentiary,2006,30,7,0,4,2,0,17,0,3
Livingston County Penitentiary,2006,76,30,0,0,5,2,39,9,1
Madison County Penitentiary,2006,100,35,3,20,6,1,35,5,6
Monroe County Correctional Facility,2006,359,327,2,1,9,0,19,0,3
Monroe County Penitentiary,2006,1025,162,0,53,115,24,670,2,5
Montgomery County Penitentiary,2006,120,17,1,34,5,2,62,0,6
Nassau County Correctional Facility,2006,1606,291,2,152,48,15,1097,3,13
Niagara County Penitentiary,2006,460,156,0,76,28,6,195,0,0
Oneida County Penitentiary,2006,441,134,0,38,30,6,233,2,36
Onondaga County Correctional Facility,2006,444,354,4,66,65,0,-45,24,20
Onondaga County Penitentiary,2006,607,25,1,28,20,11,522,20,25
Ontario County Penitentiary,2006,223,84,0,11,10,5,114,0,4
Orange County Penitentiary,2006,590,149,13,1,76,13,339,0,53
Orleans County Penitentiary,2006,77,15,0,0,5,2,55,1,10
Oswego County Penitentiary,2006,135,52,0,0,13,3,67,0,1
Otsego County Penitentiary,2006,68,21,0,0,1,1,45,1,0
Putnam County Penitentiary,2006,111,21,1,20,2,1,65,0,16
Rensselaer County Penitentiary,2006,243,97,6,2,23,4,111,53,1
Rockland County Penitentiary,2006,255,63,0,0,17,5,170,8,4
Saratoga County Penitentiary,2006,155,56,10,0,9,2,78,0,0
Schenectady County Penitentiary,2006,354,62,2,1,28,8,252,13,0
Schoharie County Penitentiary,2006,48,20,1,1,2,2,23,2,18
Schuyler County Penitentiary,2006,23,12,0,0,4,0,8,1,0
Seneca County Penitentiary,2006,42,15,0,0,3,0,24,12,0
Steuben County Penitentiary,2006,149,34,0,7,17,3,88,1,0
St Lawrence County Penitentiary,2006,80,17,0,0,8,1,55,34,0
Suffolk Correctional Facility - Riverhead,2006,929,245,7,1,69,35,573,86,7
Suffolk Correctional Facility - Yaphank,2006,593,202,11,0,0,0,379,0,0
Sullivan County Penitentiary,2006,185,48,0,0,14,4,119,17,0
Tioga County Penitentiary,2006,89,38,2,9,7,1,32,0,21
Tompkins County Penitentiary,2006,70,26,0,0,6,1,37,21,0
Ulster County Penitentiary,2006,240,71,0,0,31,3,134,21,0
Warren County Penitentiary,2006,151,38,2,0,8,1,102,0,18
Washington County Penitentiary,2006,136,33,3,17,6,1,75,1,45
Wayne County Penitentiary,2006,140,39,0,9,16,4,72,8,17
Westchester Annex,2006,60,6,0,1,1,0,51,0,0
Westchester Penitentiary,2006,858,168,0,128,42,15,504,19,10
Westchester Pen,2006,549,235,0,1,29,5,280,2,0
Wyoming County Penitentiary,2006,57,19,0,0,4,1,34,0,3
Yates County Penitentiary,2006,58,22,1,5,4,1,26,1,0
Albany County Penitentiary,2005,786,170,0,67,65,13,472,1,60
Allegany County Penitentiary,2005,40,9,3,0,1,0,26,15,0
Broome County Penitentiary,2005,412,109,0,9,30,14,250,1,8
Cattaraugus County Penitentiary,2005,117,47,0,20,4,2,43,0,0
Cayuga County Penitentiary,2005,163,67,0,28,4,2,62,0,12
Chautauqua County Penitentiary,2005,264,48,0,19,15,5,177,0,1
Chemung County Penitentiary,2005,205,65,0,0,22,3,115,1,14
Chenango County Penitentiary,2005,51,19,2,0,2,1,27,3,0
Clinton County Penitentiary,2005,130,54,1,9,4,2,60,5,1
Columbia County Penitentiary,2005,116,27,1,3,5,1,78,0,13
Cortland County Penitentiary,2005,54,22,1,0,2,1,27,4,0
Delaware County Penitentiary,2005,63,29,2,0,4,1,27,0,13
Dutchess County Penitentiary,2005,268,53,4,0,19,3,189,59,0
Erie County Correctional Facility,2005,919,493,0,0,79,0,347,0,0
Erie County Penitentiary,2005,544,65,1,57,30,17,373,0,0
Erie County Yankee Compound,2005,0,0,0,0,0,0,0,0,0
Essex County Penitentiary,2005,19,9,0,0,1,0,10,19,0
Essex County Sheriff,2005,0,0,0,0,0,0,0,0,0
Franklin County Penitentiary,2005,90,35,4,1,2,1,47,0,2
Fulton County Penitentiary,2005,92,25,7,0,3,1,56,1,8
Genesee County Penitentiary,2005,69,24,0,4,5,2,33,6,1
Greene County Penitentiary,2005,46,16,2,0,3,2,23,14,0
Hamilton County Penitentiary,2005,4,2,0,0,0,0,2,0,0
Herkimer County Penitentiary,2005,36,6,1,0,2,2,26,23,0
Jefferson County Penitentiary,2005,135,40,2,5,7,3,77,3,0
Lewis County Penitentiary,2005,31,10,0,0,1,1,20,0,3
Livingston County Penitentiary,2005,87,38,0,0,2,2,46,11,2
Madison County Penitentiary,2005,95,35,2,17,5,1,35,4,4
Monroe County Correctional Facility,2005,357,332,2,1,8,0,13,0,2
Monroe County Penitentiary,2005,984,141,0,37,97,28,681,1,7
Montgomery County Penitentiary,2005,117,15,1,27,4,1,69,0,9
Nassau County Correctional Facility,2005,1553,297,3,212,46,16,979,4,8
Niagara County Penitentiary,2005,477,138,0,86,27,7,218,0,0
Oneida County Penitentiary,2005,444,140,0,30,30,9,235,2,27
Onondaga County Correctional Facility,2005,412,313,7,32,0,0,60,21,60
Onondaga County Penitentiary,2005,627,27,2,42,64,12,480,60,23
Ontario County Penitentiary,2005,215,89,0,13,9,4,101,0,14
Orange County Penitentiary,2005,598,179,13,2,55,14,335,1,101
Orleans County Penitentiary,2005,67,14,0,0,5,1,48,1,8
Oswego County Penitentiary,2005,134,52,0,0,10,2,71,0,1
Otsego County Penitentiary,2005,64,18,0,0,1,1,43,0,3
Putnam County Penitentiary,2005,108,27,1,18,1,1,60,0,30
Rensselaer County Penitentiary,2005,245,83,6,1,24,5,127,74,2
Rockland County Penitentiary,2005,255,66,0,0,10,4,173,2,3
Saratoga County Penitentiary,2005,150,52,8,0,7,2,81,0,0
Schenectady County Penitentiary,2005,339,66,2,7,28,8,228,7,0
Schoharie County Penitentiary,2005,44,13,2,4,2,1,22,2,12
Schuyler County Penitentiary,2005,22,10,0,0,3,0,9,2,5
Seneca County Penitentiary,2005,40,19,0,0,2,1,18,6,0
Steuben County Penitentiary,2005,162,34,0,5,18,2,103,20,0
St Lawrence County Penitentiary,2005,79,24,0,0,6,1,47,15,0
Suffolk Correctional Facility - Riverhead,2005,881,274,9,0,83,35,480,74,6
Suffolk Correctional Facility - Yaphank,2005,506,195,10,0,0,0,301,0,0
Sullivan County Penitentiary,2005,188,49,0,0,12,3,123,2,0
Tioga County Penitentiary,2005,84,32,1,8,5,1,36,0,20
Tompkins County Penitentiary,2005,63,24,0,0,6,2,32,8,0
Ulster County Penitentiary,2005,241,91,0,0,22,3,126,29,0
Warren County Penitentiary,2005,141,37,2,0,11,1,90,0,24
Washington County Penitentiary,2005,105,34,1,8,4,1,57,0,33
Wayne County Penitentiary,2005,137,51,0,4,8,4,70,6,9
Westchester Annex,2005,41,4,0,0,1,0,36,0,0
Westchester Penitentiary,2005,886,163,0,150,40,16,517,21,9
Westchester Pen,2005,546,245,0,0,31,3,267,0,0
Wyoming County Penitentiary,2005,60,20,0,0,2,1,38,0,7
Yates County Penitentiary,2005,54,15,0,12,2,1,23,0,1
Albany County Penitentiary,2004,870,206,0,62,55,12,536,1,92
Allegany County Penitentiary,2004,38,10,4,0,1,0,23,8,0
Broome County Penitentiary,2004,402,109,0,17,28,11,237,2,6
Cattaraugus County Penitentiary,2004,112,47,0,8,4,3,50,0,1
Cayuga County Penitentiary,2004,167,69,0,30,7,2,60,0,6
Chautauqua County Penitentiary,2004,253,50,0,31,13,3,156,0,1
Chemung County Penitentiary,2004,201,76,0,0,16,2,106,1,7
Chenango County Penitentiary,2004,54,26,2,0,3,2,21,7,0
Clinton County Penitentiary,2004,114,46,1,3,6,2,56,2,2
Columbia County Penitentiary,2004,115,30,0,3,5,1,75,1,22
Cortland County Penitentiary,2004,60,24,2,0,3,1,29,6,1
Delaware County Penitentiary,2004,59,30,2,0,5,0,22,0,4
Dutchess County Penitentiary,2004,301,66,4,0,23,1,206,27,1
Erie County Correctional Facility,2004,926,527,0,0,87,0,312,0,0
Erie County Penitentiary,2004,578,40,1,60,40,16,421,0,0
Erie County Yankee Compound,2004,0,0,0,0,0,0,0,0,0
Essex County Penitentiary,2004,19,9,0,0,1,0,8,16,0
Essex County Sheriff,2004,0,0,0,0,0,0,0,0,0
Franklin County Penitentiary,2004,96,40,3,3,3,1,46,0,1
Fulton County Penitentiary,2004,94,32,7,0,5,1,49,0,12
Genesee County Penitentiary,2004,79,26,0,1,7,2,42,6,0
Greene County Penitentiary,2004,47,13,1,0,3,1,30,11,0
Hamilton County Penitentiary,2004,3,2,0,0,0,0,2,0,0
Herkimer County Penitentiary,2004,48,8,1,0,2,1,36,22,0
Jefferson County Penitentiary,2004,128,44,2,4,4,4,70,4,1
Lewis County Penitentiary,2004,28,6,0,2,1,0,19,0,8
Livingston County Penitentiary,2004,90,29,0,0,2,1,57,11,5
Madison County Penitentiary,2004,92,35,2,13,3,1,38,5,10
Monroe County Correctional Facility,2004,360,339,1,1,8,0,12,0,1
Monroe County Penitentiary,2004,992,157,0,51,89,22,672,3,5
Montgomery County Penitentiary,2004,129,15,2,29,5,0,79,1,7
Nassau County Correctional Facility,2004,1616,251,3,243,44,12,1065,9,8
Niagara County Penitentiary,2004,438,113,0,94,19,8,204,0,0
Oneida County Penitentiary,2004,459,162,0,27,30,7,234,1,38
Onondaga County Correctional Facility,2004,414,328,6,35,0,0,45,22,45
Onondaga County Penitentiary,2004,594,26,2,50,57,11,449,25,14
Ontario County Penitentiary,2004,179,83,0,0,6,4,86,0,15
Orange County Penitentiary,2004,585,203,11,0,50,11,310,4,103
Orleans County Penitentiary,2004,71,21,0,0,4,2,45,1,8
Oswego County Penitentiary,2004,132,45,0,0,10,3,73,0,0
Otsego County Penitentiary,2004,67,23,0,0,1,1,41,0,2
Putnam County Penitentiary,2004,104,27,0,20,1,1,55,0,37
Rensselaer County Penitentiary,2004,245,73,5,0,31,5,130,64,1
Rockland County Penitentiary,2004,229,67,0,0,12,4,147,4,2
Saratoga County Penitentiary,2004,163,62,8,0,8,2,84,0,2
Schenectady County Penitentiary,2004,325,55,2,5,21,12,230,2,0
Schoharie County Penitentiary,2004,59,12,1,21,2,1,22,2,14
Schuyler County Penitentiary,2004,22,12,0,0,1,0,10,2,2
Seneca County Penitentiary,2004,35,14,0,0,3,0,17,8,0
Steuben County Penitentiary,2004,155,33,1,7,13,2,99,10,0
St Lawrence County Penitentiary,2004,81,30,0,0,5,2,44,11,1
Suffolk Correctional Facility - Riverhead,2004,896,261,9,1,85,24,516,134,5
Suffolk Correctional Facility - Yaphank,2004,476,177,6,0,0,0,293,0,0
Sullivan County Penitentiary,2004,188,58,0,0,9,2,119,0,0
Tioga County Penitentiary,2004,87,34,1,16,6,1,30,0,9
Tompkins County Penitentiary,2004,69,25,0,0,9,2,33,0,0
Ulster County Penitentiary,2004,242,92,0,0,16,4,130,35,0
Warren County Penitentiary,2004,72,24,3,0,6,2,38,38,1
Washington County Penitentiary,2004,117,32,2,9,4,1,68,1,34
Wayne County Penitentiary,2004,148,58,0,2,7,4,76,6,5
Westchester Annex,2004,60,20,0,2,1,1,35,0,1
Westchester Penitentiary,2004,827,117,0,114,38,14,544,20,11
Westchester Pen,2004,508,255,0,1,26,2,224,0,0
Wyoming County Penitentiary,2004,53,17,0,0,1,1,34,0,5
Yates County Penitentiary,2004,56,19,0,11,0,1,25,1,0
Albany County Penitentiary,2003,892,211,0,54,45,11,571,2,54
Allegany County Penitentiary,2003,39,10,2,0,2,1,24,10,0
Broome County Penitentiary,2003,397,98,0,15,19,15,251,1,5
Cattaraugus County Penitentiary,2003,126,52,0,7,5,3,60,0,3
Cayuga County Penitentiary,2003,169,56,0,39,5,5,64,0,8
Chautauqua County Penitentiary,2003,243,63,0,28,11,4,136,0,1
Chemung County Penitentiary,2003,184,66,0,0,18,2,97,3,5
Chenango County Penitentiary,2003,52,28,1,0,2,1,20,4,0
Clinton County Penitentiary,2003,118,46,1,7,5,5,54,0,6
Columbia County Penitentiary,2003,110,28,1,3,5,2,72,1,18
Cortland County Penitentiary,2003,59,21,1,0,3,1,33,5,0
Delaware County Penitentiary,2003,27,9,0,0,3,0,14,23,0
Dutchess County Penitentiary,2003,294,62,4,0,23,2,203,16,0
Erie County Correctional Facility,2003,848,510,2,0,81,0,255,0,0
Erie County Penitentiary,2003,536,36,2,67,39,16,376,0,0
Erie County Yankee Compound,2003,0,0,0,0,0,0,0,0,0
Essex County Penitentiary,2003,19,8,0,0,2,0,9,16,0
Essex County Sheriff,2003,0,0,0,0,0,0,0,0,0
Franklin County Penitentiary,2003,97,35,3,5,2,1,51,1,6
Fulton County Penitentiary,2003,90,28,4,0,4,1,52,0,13
Genesee County Penitentiary,2003,69,23,0,5,5,3,35,6,0
Greene County Penitentiary,2003,50,18,0,0,1,1,29,12,0
Hamilton County Penitentiary,2003,4,1,0,0,0,0,2,0,0
Herkimer County Penitentiary,2003,48,9,1,0,3,1,34,14,0
Jefferson County Penitentiary,2003,127,41,6,3,4,6,68,3,1
Lewis County Penitentiary,2003,29,10,0,4,2,0,13,1,3
Livingston County Penitentiary,2003,83,35,0,0,5,1,43,9,3
Madison County Penitentiary,2003,95,33,2,16,2,1,40,6,8
Monroe County Correctional Facility,2003,423,351,0,2,11,1,57,0,6
Monroe County Penitentiary,2003,881,225,0,55,72,18,509,0,1
Montgomery County Penitentiary,2003,131,13,6,26,7,0,78,1,9
Nassau County Correctional Facility,2003,1648,271,2,210,50,13,1102,22,9
Niagara County Penitentiary,2003,370,123,0,65,21,14,147,0,0
Oneida County Penitentiary,2003,422,142,0,27,33,6,213,0,47
Onondaga County Correctional Facility,2003,367,327,7,26,0,0,7,14,7
Onondaga County Penitentiary,2003,529,18,1,52,54,7,397,1,0
Ontario County Penitentiary,2003,162,76,0,0,6,5,76,1,0
Orange County Penitentiary,2003,471,138,10,0,51,12,260,1,26
Orleans County Penitentiary,2003,73,24,0,0,2,2,45,1,8
Oswego County Penitentiary,2003,118,37,0,0,6,2,72,0,1
Otsego County Penitentiary,2003,69,21,0,0,2,2,44,0,8
Putnam County Penitentiary,2003,104,20,0,28,1,1,53,0,25
Rensselaer County Penitentiary,2003,250,74,8,0,35,4,128,57,2
Rockland County Penitentiary,2003,236,66,0,0,9,6,154,4,1
Saratoga County Penitentiary,2003,177,70,8,0,9,4,86,0,4
Schenectady County Penitentiary,2003,343,58,2,10,21,14,238,1,3
Schoharie County Penitentiary,2003,67,20,3,16,0,0,28,2,21
Schuyler County Penitentiary,2003,18,7,0,0,1,0,10,1,2
Seneca County Penitentiary,2003,39,13,0,0,2,1,23,8,1
Steuben County Penitentiary,2003,145,30,1,8,11,3,92,1,1
St Lawrence County Penitentiary,2003,82,30,0,0,4,3,46,14,0
Suffolk Correctional Facility - Riverhead,2003,905,308,7,2,79,25,483,27,9
Suffolk Correctional Facility - Yaphank,2003,547,250,6,0,0,0,291,0,0
Sullivan County Penitentiary,2003,170,45,0,0,8,2,114,0,0
Tioga County Penitentiary,2003,83,38,1,8,5,1,29,0,13
Tompkins County Penitentiary,2003,76,28,0,0,8,3,37,0,0
Ulster County Penitentiary,2003,233,91,0,0,17,3,122,17,0
Warren County Penitentiary,2003,64,22,1,0,2,2,36,32,0
Washington County Penitentiary,2003,80,29,1,1,5,1,42,4,9
Wayne County Penitentiary,2003,137,48,0,0,9,3,77,6,5
Westchester Annex,2003,121,39,0,6,2,1,73,0,1
Westchester Penitentiary,2003,826,99,0,92,35,19,582,18,9
Westchester Pen,2003,430,203,0,0,14,0,212,0,0
Wyoming County Penitentiary,2003,52,14,0,0,1,0,36,0,6
Yates County Penitentiary,2003,50,15,0,12,1,1,19,0,0
Albany County Penitentiary,2002,892,211,0,54,45,11,571,2,54
Allegany County Penitentiary,2002,39,10,2,0,2,1,24,10,0
Broome County Penitentiary,2002,397,98,0,15,19,15,251,1,5
Cattaraugus County Penitentiary,2002,127,51,0,0,6,4,66,0,12
Cayuga County Penitentiary,2002,154,55,0,17,8,6,68,1,8
Chautauqua County Penitentiary,2002,243,55,0,19,16,7,146,0,0
Chemung County Penitentiary,2002,188,68,0,0,20,5,95,4,1
Chenango County Penitentiary,2002,55,29,2,0,2,3,20,9,0
Clinton County Penitentiary,2002,109,53,0,5,5,1,45,0,8
Columbia County Penitentiary,2002,120,27,1,3,7,2,79,0,26
Cortland County Penitentiary,2002,50,22,3,0,2,3,20,4,0
Delaware County Penitentiary,2002,24,9,1,0,2,0,12,15,0
Dutchess County Penitentiary,2002,298,65,3,1,27,4,199,34,1
Erie County Correctional Facility,2002,911,573,4,0,107,1,225,0,0
Erie County Penitentiary,2002,568,43,2,60,42,21,400,0,0
Erie County Yankee Compound,2002,0,0,0,0,0,0,0,0,0
Essex County Penitentiary,2002,19,7,0,0,1,1,10,16,0
Essex County Sheriff,2002,0,0,0,0,0,0,0,0,0
Franklin County Penitentiary,2002,94,32,0,10,4,1,47,0,12
Fulton County Penitentiary,2002,94,30,3,0,5,2,54,0,17
Genesee County Penitentiary,2002,78,21,0,2,7,9,40,5,0
Greene County Penitentiary,2002,46,20,0,0,1,2,22,13,1
Hamilton County Penitentiary,2002,4,2,0,0,0,0,2,0,0
Herkimer County Penitentiary,2002,47,12,1,0,3,2,29,2,0
Jefferson County Penitentiary,2002,132,46,4,2,4,6,70,1,0
Lewis County Penitentiary,2002,24,8,0,4,1,0,11,0,0
Livingston County Penitentiary,2002,72,32,0,0,4,2,34,6,4
Madison County Penitentiary,2002,97,40,2,19,4,1,30,8,8
Monroe County Correctional Facility,2002,419,349,1,1,14,1,53,0,3
Monroe County Penitentiary,2002,816,166,0,40,93,18,499,0,0
Montgomery County Penitentiary,2002,129,18,3,25,9,4,70,1,16
Nassau County Correctional Facility,2002,1687,277,2,229,50,15,1114,0,11
Niagara County Penitentiary,2002,417,55,0,46,28,15,272,0,0
Oneida County Penitentiary,2002,411,157,0,21,26,11,196,1,19
Onondaga County Correctional Facility,2002,360,319,11,17,0,1,12,20,27
Onondaga County Penitentiary,2002,526,14,1,61,67,7,375,1,0
Ontario County Penitentiary,2002,169,82,0,0,9,7,71,4,0
Orange County Penitentiary,2002,498,166,11,0,54,22,245,0,10
Orleans County Penitentiary,2002,80,30,0,0,4,5,41,1,9
Oswego County Penitentiary,2002,116,32,0,0,5,4,75,0,0
Otsego County Penitentiary,2002,67,19,0,0,2,1,44,0,14
Putnam County Penitentiary,2002,107,26,0,21,2,1,57,0,37
Rensselaer County Penitentiary,2002,250,85,5,0,31,6,123,27,2
Rockland County Penitentiary,2002,240,72,0,0,12,6,149,4,1
Saratoga County Penitentiary,2002,175,77,9,0,10,3,77,0,5
Schenectady County Penitentiary,2002,333,63,1,14,25,19,210,1,19
Schoharie County Penitentiary,2002,55,13,1,13,2,1,26,1,6
Schuyler County Penitentiary,2002,14,5,0,0,1,1,7,2,1
Seneca County Penitentiary,2002,37,16,0,0,2,2,18,9,1
Steuben County Penitentiary,2002,136,35,0,8,9,4,80,0,6
St Lawrence County Penitentiary,2002,84,31,0,0,5,2,46,9,0
Suffolk Correctional Facility - Riverhead,2002,938,345,10,0,101,27,455,0,0
Suffolk Correctional Facility - Yaphank,2002,544,263,6,0,0,0,276,0,0
Sullivan County Penitentiary,2002,163,50,0,0,9,4,99,0,0
Tioga County Penitentiary,2002,84,36,2,7,7,2,30,0,18
Tompkins County Penitentiary,2002,78,30,0,0,8,6,34,0,0
Ulster County Penitentiary,2002,232,98,0,0,19,5,110,15,0
Warren County Penitentiary,2002,65,22,2,0,4,2,34,34,0
Washington County Penitentiary,2002,49,15,1,0,4,1,28,10,0
Wayne County Penitentiary,2002,129,45,0,0,7,4,72,7,3
Westchester Annex,2002,131,45,0,8,3,1,74,0,0
Westchester Penitentiary,2002,817,118,0,80,51,22,546,28,6
Westchester Pen,2002,390,205,0,0,13,1,172,0,0
Wyoming County Penitentiary,2002,60,25,0,0,1,1,33,0,2
Yates County Penitentiary,2002,48,15,0,13,0,2,17,0,2
Albany County Penitentiary,2001,750,185,0,57,46,5,457,2,7
Allegany County Penitentiary,2001,31,9,2,0,2,1,18,10,0
Broome County Penitentiary,2001,390,111,0,16,23,9,231,1,1
Cattaraugus County Penitentiary,2001,107,51,0,0,5,2,50,0,3
Cayuga County Penitentiary,2001,104,47,0,0,5,3,49,1,2
Chautauqua County Penitentiary,2001,229,49,0,15,16,2,147,0,0
Chemung County Penitentiary,2001,157,64,0,0,12,2,79,2,0
Chenango County Penitentiary,2001,56,35,1,0,1,2,18,2,0
Clinton County Penitentiary,2001,111,51,0,3,5,2,49,0,6
Columbia County Penitentiary,2001,106,21,2,5,6,1,71,0,22
Cortland County Penitentiary,2001,47,17,5,0,2,2,22,2,0
Delaware County Penitentiary,2001,23,7,0,0,2,0,13,10,0
Dutchess County Penitentiary,2001,288,65,3,0,25,2,193,20,0
Erie County Correctional Facility,2001,803,533,4,0,103,1,163,0,0
Erie County Penitentiary,2001,557,33,2,57,41,13,411,0,0
Erie County Yankee Compound,2001,0,0,0,0,0,0,0,0,0
Essex County Penitentiary,2001,20,10,0,0,1,1,8,15,0
Essex County Sheriff,2001,0,0,0,0,0,0,0,0,0
Franklin County Penitentiary,2001,81,28,0,15,2,1,36,0,11
Fulton County Penitentiary,2001,93,32,4,0,7,2,48,0,12
Genesee County Penitentiary,2001,73,31,0,1,4,2,36,6,0
Greene County Penitentiary,2001,48,20,0,0,1,1,25,7,0
Hamilton County Penitentiary,2001,4,2,0,0,0,0,1,0,0
Herkimer County Penitentiary,2001,46,12,1,0,0,1,32,3,0
Jefferson County Penitentiary,2001,129,46,2,5,2,5,68,0,1
Lewis County Penitentiary,2001,18,7,0,0,0,0,10,0,0
Livingston County Penitentiary,2001,72,31,0,0,4,1,36,7,5
Madison County Penitentiary,2001,74,29,1,17,1,1,26,6,7
Monroe County Correctional Facility,2001,377,366,0,0,11,0,0,0,0
Monroe County Penitentiary,2001,900,159,1,34,107,16,584,0,3
Montgomery County Penitentiary,2001,123,14,3,31,5,2,68,0,13
Nassau County Correctional Facility,2001,1543,288,2,148,45,14,1046,0,11
Niagara County Penitentiary,2001,329,68,0,41,19,2,199,0,0
Oneida County Penitentiary,2001,0,0,0,0,0,0,0,0,0
Onondaga County Correctional Facility,2001,292,279,11,2,0,0,0,27,2
Onondaga County Penitentiary,2001,472,14,2,75,56,6,320,2,0
Ontario County Penitentiary,2001,152,73,0,0,9,3,67,12,0
Orange County Penitentiary,2001,445,142,5,0,48,8,243,0,2
Orleans County Penitentiary,2001,69,24,0,0,5,1,39,1,8
Oswego County Penitentiary,2001,117,33,0,0,5,4,75,0,0
Otsego County Penitentiary,2001,58,15,0,0,3,1,39,0,7
Putnam County Penitentiary,2001,74,25,2,9,1,0,36,0,22
Rensselaer County Penitentiary,2001,245,81,7,4,26,6,121,12,2
Rockland County Penitentiary,2001,201,76,0,0,11,3,111,2,0
Saratoga County Penitentiary,2001,155,63,6,0,11,2,73,0,4
Schenectady County Penitentiary,2001,319,74,1,16,21,13,193,1,6
Schoharie County Penitentiary,2001,57,12,2,24,3,0,16,2,9
Schuyler County Penitentiary,2001,16,9,0,0,1,0,6,0,1
Seneca County Penitentiary,2001,38,17,0,0,3,1,17,8,0
Steuben County Penitentiary,2001,123,36,0,13,7,2,65,0,5
St Lawrence County Penitentiary,2001,88,39,0,0,4,1,44,2,0
Suffolk Correctional Facility - Riverhead,2001,860,339,11,0,100,18,391,0,0
Suffolk Correctional Facility - Yaphank,2001,494,242,5,0,0,0,246,0,0
Sullivan County Penitentiary,2001,156,42,0,0,8,2,104,0,0
Tioga County Penitentiary,2001,77,33,0,14,4,1,24,0,14
Tompkins County Penitentiary,2001,84,37,0,0,6,2,39,0,0
Ulster County Penitentiary,2001,217,91,0,0,14,5,106,5,0
Warren County Penitentiary,2001,61,26,1,0,3,1,30,18,1
Washington County Penitentiary,2001,47,16,0,0,5,1,24,14,0
Wayne County Penitentiary,2001,134,56,0,0,6,2,71,6,3
Westchester Annex,2001,117,41,0,6,2,1,67,0,2
Westchester Penitentiary,2001,788,150,0,68,44,22,504,29,7
Westchester Pen,2001,320,184,0,0,13,1,122,0,0
Wyoming County Penitentiary,2001,54,21,0,1,1,1,31,0,2
Yates County Penitentiary,2001,46,19,0,15,1,1,10,0,6
Albany County Penitentiary,2000,710,230,0,53,48,17,363,1,22
Allegany County Penitentiary,2000,51,20,2,0,3,1,25,7,0
Broome County Penitentiary,2000,385,108,0,15,25,19,218,2,1
Cattaraugus County Penitentiary,2000,106,59,0,0,4,9,33,0,0
Cayuga County Penitentiary,2000,99,45,0,0,4,5,45,1,0
Chautauqua County Penitentiary,2000,216,48,0,7,10,12,139,0,9
Chemung County Penitentiary,2000,195,71,0,0,18,10,94,3,1
Chenango County Penitentiary,2000,50,32,0,0,1,3,14,0,0
Clinton County Penitentiary,2000,109,50,1,6,4,9,39,0,7
Columbia County Penitentiary,2000,121,28,2,6,9,4,72,1,27
Cortland County Penitentiary,2000,55,27,3,0,2,6,19,3,0
Delaware County Penitentiary,2000,23,6,0,0,4,3,10,23,0
Dutchess County Penitentiary,2000,278,63,2,2,24,9,178,8,0
Erie County Correctional Facility,2000,756,521,4,0,96,0,135,0,0
Erie County Penitentiary,2000,567,46,1,40,45,24,412,0,0
Erie County Yankee Compound,2000,,,,,,,,,
Essex County Penitentiary,2000,20,7,0,0,1,1,10,11,0
Essex County Sheriff,2000,0,0,0,0,0,0,0,0,0
Franklin County Penitentiary,2000,75,21,1,20,3,1,29,0,6
Fulton County Penitentiary,2000,98,29,5,1,7,6,49,0,15
Genesee County Penitentiary,2000,69,28,0,4,4,7,27,5,1
Greene County Penitentiary,2000,47,20,0,0,2,4,20,4,1
Hamilton County Penitentiary,2000,3,1,0,0,0,0,1,0,0
Herkimer County Penitentiary,2000,49,9,1,0,3,3,32,6,0
Jefferson County Penitentiary,2000,138,57,0,3,4,8,66,0,0
Lewis County Penitentiary,2000,24,9,0,1,0,0,14,0,3
Livingston County Penitentiary,2000,78,32,0,0,4,3,38,8,4
Madison County Penitentiary,2000,82,35,0,15,2,4,28,5,2
Monroe County Correctional Facility,2000,429,349,0,2,15,1,62,0,2
Monroe County Penitentiary,2000,858,168,1,40,111,26,511,0,1
Montgomery County Penitentiary,2000,137,28,3,27,6,3,69,0,12
Nassau County Correctional Facility,2000,1425,314,2,49,68,58,934,0,7
Niagara County Penitentiary,2000,375,60,0,35,26,8,247,0,0
Oneida County Penitentiary,2000,353,74,0,28,33,28,190,0,5
Onondaga County Correctional Facility,2000,288,277,9,0,1,0,0,24,1
Onondaga County Penitentiary,2000,469,18,1,68,58,8,315,1,0
Ontario County Penitentiary,2000,162,83,0,0,6,9,64,7,0
Orange County Penitentiary,2000,476,178,6,0,55,34,204,0,1
Orleans County Penitentiary,2000,66,30,0,0,2,5,29,0,8
Oswego County Penitentiary,2000,126,44,0,0,7,7,67,0,0
Otsego County Penitentiary,2000,60,15,0,0,2,0,43,0,13
Putnam County Penitentiary,2000,76,35,1,7,1,2,30,0,23
Rensselaer County Penitentiary,2000,247,67,3,2,27,15,131,31,1
Rockland County Penitentiary,2000,199,71,0,0,13,10,105,26,0
Saratoga County Penitentiary,2000,159,82,5,0,11,5,58,0,8
Schenectady County Penitentiary,2000,320,79,1,22,27,18,173,2,9
Schoharie County Penitentiary,2000,56,23,3,8,2,1,19,3,27
Schuyler County Penitentiary,2000,20,11,0,0,2,0,6,0,3
Seneca County Penitentiary,2000,43,22,0,0,3,2,17,17,0
Steuben County Penitentiary,2000,111,31,1,3,8,7,62,0,6
St Lawrence County Penitentiary,2000,98,46,0,0,6,6,40,4,0
Suffolk Correctional Facility - Riverhead,2000,936,350,9,0,112,42,423,0,0
Suffolk Correctional Facility - Yaphank,2000,500,237,5,0,0,0,258,0,0
Sullivan County Penitentiary,2000,158,41,0,0,12,10,95,0,0
Tioga County Penitentiary,2000,79,32,0,15,3,4,24,0,12
Tompkins County Penitentiary,2000,77,29,0,0,7,5,36,0,0
Ulster County Penitentiary,2000,244,104,0,0,12,7,121,9,0
Warren County Penitentiary,2000,62,29,1,0,4,3,26,20,0
Washington County Penitentiary,2000,35,8,1,0,3,3,20,22,0
Wayne County Penitentiary,2000,129,47,0,1,7,5,68,7,10
Westchester Annex,2000,118,43,0,8,4,1,61,0,3
Westchester Penitentiary,2000,778,165,0,93,44,31,445,27,5
Westchester Pen,2000,331,190,0,0,14,1,126,0,0
Wyoming County Penitentiary,2000,59,19,0,0,1,2,37,0,3
Yates County Penitentiary,2000,49,30,0,5,1,5,9,0,4
Albany County Penitentiary,1999,761,266,0,51,68,49,327,4,30
Allegany County Penitentiary,1999,47,18,2,0,2,4,22,2,0
Broome County Penitentiary,1999,398,103,0,3,40,63,188,6,0
Cattaraugus County Penitentiary,1999,123,79,0,0,4,14,27,0,0
Cayuga County Penitentiary,1999,109,52,0,0,6,13,38,8,0
Chautauqua County Penitentiary,1999,214,51,0,2,13,22,127,0,0
Chemung County Penitentiary,1999,200,78,0,0,18,14,89,1,21
Chenango County Penitentiary,1999,56,37,0,0,3,4,12,0,1
Clinton County Penitentiary,1999,112,40,1,14,6,5,46,0,7
Columbia County Penitentiary,1999,130,30,2,2,12,13,71,0,26
Cortland County Penitentiary,1999,60,28,4,0,3,7,19,3,0
Delaware County Penitentiary,1999,26,9,0,0,3,3,11,15,0
Dutchess County Penitentiary,1999,312,69,1,2,31,21,188,26,0
Erie County Correctional Facility,1999,772,532,3,0,118,0,119,0,0
Erie County Penitentiary,1999,621,122,2,11,56,97,334,0,0
Erie County Yankee Compound,1999,,,,,,,,,
Essex County Penitentiary,1999,21,8,0,0,1,1,11,16,0
Essex County Sheriff,1999,0,0,0,0,0,0,0,0,0
Franklin County Penitentiary,1999,73,28,1,4,4,1,36,0,13
Fulton County Penitentiary,1999,112,35,4,0,7,8,56,1,26
Genesee County Penitentiary,1999,76,32,0,1,8,15,21,7,1
Greene County Penitentiary,1999,47,18,0,0,2,7,20,2,2
Hamilton County Penitentiary,1999,3,2,0,0,0,0,1,0,0
Herkimer County Penitentiary,1999,48,7,1,0,2,4,34,4,0
Jefferson County Penitentiary,1999,131,55,0,0,4,5,66,1,0
Lewis County Penitentiary,1999,26,7,0,2,0,1,16,0,4
Livingston County Penitentiary,1999,75,33,0,0,3,6,32,9,2
Madison County Penitentiary,1999,88,42,0,14,4,4,24,6,5
Monroe County Correctional Facility,1999,457,358,0,2,12,2,83,0,1
Monroe County Penitentiary,1999,914,184,1,38,122,81,488,2,0
Montgomery County Penitentiary,1999,153,26,2,32,11,6,76,0,15
Nassau County Correctional Facility,1999,1630,377,3,0,94,193,964,0,3
Niagara County Penitentiary,1999,389,103,0,15,26,41,203,0,0
Oneida County Penitentiary,1999,482,100,0,32,56,64,230,0,34
Onondaga County Correctional Facility,1999,320,314,6,0,0,0,0,36,1
Onondaga County Penitentiary,1999,481,22,2,71,68,11,307,0,0
Ontario County Penitentiary,1999,176,96,0,0,9,30,42,16,0
Orange County Penitentiary,1999,576,257,6,0,72,82,159,0,1
Orleans County Penitentiary,1999,80,39,0,0,1,7,33,0,7
Oswego County Penitentiary,1999,120,43,0,0,3,10,64,0,0
Otsego County Penitentiary,1999,64,19,0,0,4,4,36,0,15
Putnam County Penitentiary,1999,96,46,1,9,2,6,33,0,32
Rensselaer County Penitentiary,1999,246,46,3,2,44,28,124,46,1
Rockland County Penitentiary,1999,212,76,0,0,21,36,79,40,0
Saratoga County Penitentiary,1999,156,85,3,0,9,7,52,1,19
Schenectady County Penitentiary,1999,316,67,3,12,34,41,159,23,5
Schoharie County Penitentiary,1999,71,42,1,0,1,1,26,3,47
Schuyler County Penitentiary,1999,21,14,0,0,0,2,5,1,4
Seneca County Penitentiary,1999,58,36,0,0,2,2,18,0,0
Steuben County Penitentiary,1999,128,37,0,0,7,19,64,0,0
St Lawrence County Penitentiary,1999,95,40,0,0,7,6,43,5,0
Suffolk Correctional Facility - Riverhead,1999,1026,337,9,0,141,110,428,0,0
Suffolk Correctional Facility - Yaphank,1999,592,276,4,0,2,2,308,0,0
Sullivan County Penitentiary,1999,167,44,0,0,13,18,92,0,0
Tioga County Penitentiary,1999,84,29,0,13,5,12,24,0,8
Tompkins County Penitentiary,1999,75,33,0,0,7,4,31,0,0
Ulster County Penitentiary,1999,205,78,0,0,13,16,97,40,0
Warren County Penitentiary,1999,64,32,1,0,3,4,23,13,1
Washington County Penitentiary,1999,48,15,1,0,4,4,25,7,0
Wayne County Penitentiary,1999,157,50,0,0,5,18,84,6,1
Westchester Annex,1999,130,51,0,9,4,4,62,2,2
Westchester Penitentiary,1999,818,162,0,104,54,49,450,30,7
Westchester Pen,1999,412,196,0,0,25,0,191,2,0
Wyoming County Penitentiary,1999,49,14,0,0,1,3,30,0,7
Yates County Penitentiary,1999,54,33,0,0,0,7,12,0,9
Albany County Penitentiary,1998,714,231,0,64,65,45,309,4,30
Allegany County Penitentiary,1998,41,12,1,0,3,3,21,5,0
Broome County Penitentiary,1998,400,120,0,5,34,41,200,3,0
Cattaraugus County Penitentiary,1998,125,63,0,0,5,11,46,0,0
Cayuga County Penitentiary,1998,100,36,0,0,7,11,46,1,0
Chautauqua County Penitentiary,1998,233,54,0,10,16,12,142,0,0
Chemung County Penitentiary,1998,206,83,0,1,15,17,90,1,16
Chenango County Penitentiary,1998,38,22,0,0,3,3,10,0,3
Clinton County Penitentiary,1998,112,43,1,14,6,7,41,0,6
Columbia County Penitentiary,1998,128,30,2,5,9,8,73,0,19
Cortland County Penitentiary,1998,57,29,4,0,3,6,14,1,2
Delaware County Penitentiary,1998,25,11,0,0,2,2,10,13,0
Dutchess County Penitentiary,1998,280,58,2,2,21,11,146,11,1
Erie County Correctional Facility,1998,747,529,2,0,112,0,103,0,0
Erie County Penitentiary,1998,624,89,1,19,37,66,411,2,0
Erie County Yankee Compound,1998,,,,,,,,,
Essex County Penitentiary,1998,20,10,0,0,0,1,10,5,0
Essex County Sheriff,1998,0,0,0,0,0,0,0,0,0
Franklin County Penitentiary,1998,64,21,1,6,6,2,29,0,4
Fulton County Penitentiary,1998,120,44,3,1,8,5,56,2,41
Genesee County Penitentiary,1998,73,30,0,3,7,9,25,5,1
Greene County Penitentiary,1998,44,16,0,0,1,3,24,0,1
Hamilton County Penitentiary,1998,4,2,0,0,0,0,2,1,0
Herkimer County Penitentiary,1998,46,7,1,0,4,3,31,3,0
Jefferson County Penitentiary,1998,153,70,0,0,5,7,72,5,0
Lewis County Penitentiary,1998,33,9,0,7,0,1,17,0,3
Livingston County Penitentiary,1998,70,32,0,0,5,3,29,7,4
Madison County Penitentiary,1998,94,46,0,14,2,4,28,5,5
Monroe County Correctional Facility,1998,411,381,1,1,11,0,17,0,0
Monroe County Penitentiary,1998,972,141,2,39,144,61,585,5,1
Montgomery County Penitentiary,1998,136,33,1,26,7,6,62,0,11
Nassau County Correctional Facility,1998,1841,416,4,1,108,209,1103,0,3
Niagara County Penitentiary,1998,384,74,0,0,26,40,245,0,0
Oneida County Penitentiary,1998,356,79,0,13,40,42,181,32,8
Onondaga County Correctional Facility,1998,366,358,7,0,0,0,0,27,1
Onondaga County Penitentiary,1998,502,15,1,62,75,8,341,1,0
Ontario County Penitentiary,1998,167,82,2,0,9,15,60,16,0
Orange County Penitentiary,1998,593,257,8,0,79,71,178,0,3
Orleans County Penitentiary,1998,75,29,0,0,1,5,41,2,5
Oswego County Penitentiary,1998,116,50,0,0,7,8,57,0,1
Otsego County Penitentiary,1998,63,29,0,0,2,3,29,0,13
Putnam County Penitentiary,1998,103,54,1,9,3,4,32,0,37
Rensselaer County Penitentiary,1998,250,52,4,7,36,13,135,13,3
Rockland County Penitentiary,1998,224,65,0,0,12,14,133,28,1
Saratoga County Penitentiary,1998,175,89,6,0,11,6,64,0,18
Schenectady County Penitentiary,1998,333,67,1,14,38,39,174,35,4
Schoharie County Penitentiary,1998,72,42,1,0,1,1,28,4,47
Schuyler County Penitentiary,1998,20,13,0,0,0,1,6,0,8
Seneca County Penitentiary,1998,45,25,0,0,1,2,16,0,2
Steuben County Penitentiary,1998,130,36,1,2,8,12,71,0,8
St Lawrence County Penitentiary,1998,95,40,0,0,8,5,42,2,1
Suffolk Correctional Facility - Riverhead,1998,1012,342,7,0,146,117,400,0,0
Suffolk Correctional Facility - Yaphank,1998,601,292,5,0,1,1,302,0,0
Sullivan County Penitentiary,1998,150,47,0,0,6,10,87,0,0
Tioga County Penitentiary,1998,86,34,0,23,3,4,20,0,5
Tompkins County Penitentiary,1998,74,28,0,0,6,4,36,12,0
Ulster County Penitentiary,1998,182,58,0,0,13,14,98,47,0
Warren County Penitentiary,1998,62,25,1,0,3,5,28,8,0
Washington County Penitentiary,1998,50,15,0,0,6,3,26,4,0
Wayne County Penitentiary,1998,146,45,0,3,6,13,79,6,4
Westchester Annex,1998,133,49,0,7,6,2,68,2,2
Westchester Penitentiary,1998,831,118,0,193,30,29,461,32,13
Westchester Pen,1998,472,218,0,0,34,1,219,5,0
Wyoming County Penitentiary,1998,52,14,0,2,1,2,32,0,11
Yates County Penitentiary,1998,55,24,0,9,3,3,16,0,5
Albany County Penitentiary,1997,730,268,0,62,56,23,324,4,15
Allegany County Penitentiary,1997,32,12,1,0,3,2,18,3,0
Broome County Penitentiary,1997,375,91,0,10,35,29,211,0,0
Cattaraugus County Penitentiary,1997,116,51,0,0,5,6,53,0,9
Cayuga County Penitentiary,1997,85,33,0,0,4,6,44,2,2
Chautauqua County Penitentiary,1997,220,45,0,22,16,13,125,0,0
Chemung County Penitentiary,1997,183,75,0,7,15,11,77,1,20
Chenango County Penitentiary,1997,42,27,0,0,2,1,13,1,5
Clinton County Penitentiary,1997,113,39,0,24,4,3,43,0,7
Columbia County Penitentiary,1997,120,33,1,6,8,6,66,0,15
Cortland County Penitentiary,1997,52,28,3,0,2,3,18,2,2
Delaware County Penitentiary,1997,10,8,0,0,1,1,14,15,0
Dutchess County Penitentiary,1997,266,68,1,1,24,8,172,10,0
Erie County Correctional Facility,1997,674,527,2,0,92,0,53,0,0
Erie County Penitentiary,1997,613,45,0,28,36,20,509,26,0
Erie County Yankee Compound,1997,,,,,,,,,
Essex County Penitentiary,1997,13,7,0,0,1,1,12,8,0
Essex County Sheriff,1997,,,,,,,,,
Franklin County Penitentiary,1997,68,28,2,8,4,1,25,0,1
Fulton County Penitentiary,1997,117,44,3,2,7,6,55,0,30
Genesee County Penitentiary,1997,69,34,0,3,4,5,29,6,0
Greene County Penitentiary,1997,42,15,0,0,2,4,23,2,1
Hamilton County Penitentiary,1997,3,2,0,0,0,0,1,0,0
Herkimer County Penitentiary,1997,43,7,1,0,2,3,33,4,0
Jefferson County Penitentiary,1997,141,72,0,1,5,6,57,0,0
Lewis County Penitentiary,1997,28,9,0,1,0,0,18,0,7
Livingston County Penitentiary,1997,65,35,0,0,1,2,33,7,4
Madison County Penitentiary,1997,88,35,0,20,2,3,32,4,8
Monroe County Correctional Facility,1997,353,344,1,0,7,0,1,0,0
Monroe County Penitentiary,1997,906,151,2,35,119,33,570,3,3
Montgomery County Penitentiary,1997,116,30,2,13,8,6,57,0,9
Nassau County Correctional Facility,1997,1773,389,2,2,100,106,1174,0,2
Niagara County Penitentiary,1997,380,101,0,0,28,40,211,0,0
Oneida County Penitentiary,1997,276,83,0,2,28,31,166,34,0
Onondaga County Correctional Facility,1997,323,350,4,0,0,0,0,32,2
Onondaga County Penitentiary,1997,473,21,1,63,64,11,314,1,0
Ontario County Penitentiary,1997,141,69,2,0,6,11,73,20,0
Orange County Penitentiary,1997,532,211,9,0,63,49,202,3,2
Orleans County Penitentiary,1997,75,29,0,0,1,7,38,1,7
Oswego County Penitentiary,1997,108,43,0,0,7,6,54,0,0
Otsego County Penitentiary,1997,58,32,0,0,2,2,23,0,17
Putnam County Penitentiary,1997,75,34,1,8,1,1,30,0,22
Rensselaer County Penitentiary,1997,228,47,2,5,34,9,157,25,2
Rockland County Penitentiary,1997,183,77,0,0,11,13,102,18,0
Saratoga County Penitentiary,1997,172,97,5,0,8,3,60,0,37
Schenectady County Penitentiary,1997,305,69,1,18,38,36,151,8,2
Schoharie County Penitentiary,1997,53,24,1,0,2,1,26,2,28
Schuyler County Penitentiary,1997,23,16,0,0,0,1,6,0,11
Seneca County Penitentiary,1997,45,24,0,0,3,1,17,0,1
Steuben County Penitentiary,1997,119,41,1,0,6,8,63,0,2
St Lawrence County Penitentiary,1997,84,44,0,0,2,2,35,0,0
Suffolk Correctional Facility - Riverhead,1997,899,293,6,0,151,96,353,0,0
Suffolk Correctional Facility - Yaphank,1997,561,292,3,0,0,0,267,0,0
Sullivan County Penitentiary,1997,152,46,0,0,5,9,92,0,0
Tioga County Penitentiary,1997,69,31,1,13,2,5,18,0,8
Tompkins County Penitentiary,1997,44,24,0,0,3,3,37,23,0
Ulster County Penitentiary,1997,156,76,0,0,14,7,92,33,0
Warren County Penitentiary,1997,52,29,1,0,4,4,31,16,1
Washington County Penitentiary,1997,47,15,0,0,6,2,27,3,0
Wayne County Penitentiary,1997,137,48,0,6,2,13,74,6,7
Westchester Annex,1997,131,56,0,6,4,2,66,2,1
Westchester Penitentiary,1997,808,92,0,171,33,21,520,29,10
Westchester Pen,1997,439,263,0,0,24,2,155,4,1
Wyoming County Penitentiary,1997,57,15,0,4,1,1,36,0,16
Yates County Penitentiary,1997,54,21,0,18,1,1,12,0,5